title,category,old_filename,old_slug,new_slug,is_bad_old,published
Nepali New Story - केही छैन असम्भव | नेपाली लघुकथा,Nepali Story/Katha,/2018/12/nepali-new-story.html,nepali-new-story,nepali-new-story-kehi-chaina-asambhava-nepali-laghukatha,False,2018-12-09
बालदिवस निबन्ध,Nepali Essay/Nibandha,/2018/03/blog-post_36.html,blog-post_36,baladivasa-nibandha,True,2018-03-17
Janmabhumi Question and Answer Class 10 Nepali,Class 10,/2021/09/class-10-see-nepali-book-note-lesson-1.html,class-10-see-nepali-book-note-lesson-1,janmabhumi-question-and-answer-class-10-nepali,False,2021-09-10
लक्ष्य कविता | Poem on Aim in life in Nepali,Nepali Poems/Kabita,/2018/11/poem-on-aim-in-life-in-nepali.html,poem-on-aim-in-life-in-nepali,poem-on-aim-in-life-in-nepali,False,2018-11-20
सामान्य ज्ञान नेपाली General Knowledge in Nepali,nepalisamanyagyan,/2019/01/general-knowledge-in-nepali.html,general-knowledge-in-nepali,samanya-jnana-nepali-general-knowledge-in-nepali,False,2019-01-10
बल भन्दा बुद्धि ठूलो वादविवाद नेपालीमा |,Nepali Essay/Nibandha,/2018/09/blog-post.html,blog-pos,bala-bhanda-buddhi-thulo-vadavivada-nepalima,True,2018-09-04
Essay on Children Day in Nepali Children Day Special Articles,Nepali Essay/Nibandha,/2019/06/essay-on-children-day-in-nepali.html,essay-on-children-day-in-nepali,essay-on-children-day-in-nepali-children-day-special,False,2019-06-05
CLASS 9 PRACTICE QUESTIONS 2077/2078,CLASS 9,/2019/07/class-9-practice-questions-2075.html,class-9-practice-questions-2075,class-9-practice-questions-2077-2078,False,2019-07-13
नेपालको प्राकृतिको बारेमा निबध (नेपालको प्रकृतिक सम्पदा),Nepali Poems/Kabita,/2018/05/blog-post.html,blog-pos,nepalako-prakrritiko-barema-nibadha-nepalako-prakrritika,True,2018-05-25
नयाँ नेपाली कविता Lekhnath Paudel,Nepali Poems/Kabita,/2019/01/blog-post_78.html,blog-post_78,nayan-nepali-kavita-lekhnath-paudel,True,2019-01-06
मेरो देश मेरो गौरव essay,Nepali Essay/Nibandha,/2019/01/essay.html,essay,mero-desha-mero-gaurava-essay,False,2019-01-05
Simple Living High Thinking Essay in Nepali,Nepali Essay/Nibandha,/2019/06/simple-living-high-thinking-essay-in.html,simple-living-high-thinking-essay-in,simple-living-high-thinking-essay-in-nepali,False,2019-06-05
Essay on Mero Desh Nepal in Nepali language(मेरो देश निबन्ध) Mero Desh Mero Gaurav,Nepali Essay/Nibandha,/2021/09/essay-on-mero-desh-nepal-in-nepali.html,essay-on-mero-desh-nepal-in-nepali,essay-on-mero-desh-nepal-in-nepali-language-mero-desha,False,2021-09-10
BLE 2077/2078 NEPALI QUESTION,BLE PRACTICE 2076,/2020/03/ble-2075-nepali-question.html,ble-2075-nepali-question,ble-2077-2078-nepali-question,False,2020-03-11
BLE Practice Book Class 8 2078/2079 | Questions Bank,BLE PRACTICE 2076,/2018/08/BLE-Practice-Book-Class-8-2075-Questions-Bank.html,BLE-Practice-Book-Class-8-2075-Questions-Bank,ble-practice-book-class-8-2078-2079,False,2018-08-27
"Nepali Byakaran Pratice Questions Class 8,9,10",BLE PRACTICE 2076,/2019/02/nepali-byakaran-pratice-questions-class_26.html,nepali-byakaran-pratice-questions-class_26,nepali-byakaran-pratice-questions-class-8910,False,2019-02-26
Nepali Gajal नेपाली गजल नयाँ नेपाली गजल,Nepali Blog,/2021/03/nepali-gajal.html,nepali-gaja,nepali-gajal-nepali-gajala-nayan-nepali-gajala,False,2021-03-24
BLE 2078/2079 QUESTIONS PAPER CLASS 8,BLE PRACTICE 2076,/2019/06/BLE-2075-QUESTIONS-PAPER.html,BLE-2075-QUESTIONS-PAPER,ble-2078-2079-questions-paper-class-8,False,2019-06-25
नेपाल कविता Poem on Nepal in Nepali Latest Poem in Nepal,Nepali Poems/Kabita,/2019/03/poem-on-nepal-in-nepali-latest-poem-in.html,poem-on-nepal-in-nepali-latest-poem-in,nepala-kavita-poem-on-nepal-in-nepali-latest-poem-in-nepal,False,2019-03-30
How to earn money online in Nepal ? Top 20 Ways,Nepaliblog,/2019/01/how-to-earn-money-online-in-nepal.html,how-to-earn-money-online-in-nepa,how-to-earn-money-online-in-nepal-top-20-ways,False,2019-01-22
हामी नेपाली कविता,Nepali Story/Katha,/2018/06/blog-post.html,blog-pos,hami-nepali-kavita,True,2018-06-09
जीवनको महत्व निबंध  | Essay on importance of life in Nepali,Nepali Essay/Nibandha,/2018/09/essay-on-importance-of-life-in-nepali.html,essay-on-importance-of-life-in-nepali,essay-on-importance-of-life-in-nepali,False,2018-09-06
Essay on Mountaineer in Nepali Language,Nepali Essay/Nibandha,/2019/06/essay-on-mountaineer-in-nepali-language.html,essay-on-mountaineer-in-nepali-language,essay-on-mountaineer-in-nepali-language,False,2019-06-05
BLE Practice Questions 2077/2078 Class 8,BLE PRACTICE 2076,/2019/02/ble-practice-questions-2075-class-8.html,ble-practice-questions-2075-class-8,ble-practice-questions-2077-2078-class-8,False,2019-02-26
पुस्तकालयको महत्व निबन्ध -  Library essay in Nepali,Nepali Essay/Nibandha,/2018/05/library-essay-in-nepali.html,library-essay-in-nepali,pustakalayako-mahatva-nibandha-library-essay-in-nepali,False,2018-05-25
खेलकुदको महत्व निबन्ध Sports Essay In Nepali,Nepali Essay/Nibandha,/2018/03/blog-post.html,blog-pos,khelakudako-mahatva-nibandha-sports-essay-in-nepali,True,2018-03-17
नेपालीमा लघुकथा,Nepali Story/Katha,/2018/06/blog-post_1.html,blog-post_1,nepalima-laghukatha,True,2018-06-09
Nepali Byakaran Pratice Questions Class 8 - 10 | नेपाली ब्याकरण अभ्यास,BLE PRACTICE 2076,/2019/02/nepali-byakaran-pratice-questions-class.html,nepali-byakaran-pratice-questions-class,nepali-byakaran-pratice-questions-class-8-10,False,2019-02-26
निवेदन लेख्ने तरिका How to write application in Nepali,BLE PRACTICE 2076,/2019/03/how-to-write-letter-in-nepali.html,how-to-write-letter-in-nepali,nivedana-lekhne-tarika-how-to-write-application-in-nepali,False,2019-03-30
देश विकासमा विद्यार्थीको भूमिका,Nepali Essay/Nibandha,/2018/12/blog-post_22.html,blog-post_22,desha-vikasama-vidyarthiko-bhumika,True,2018-12-07
म स्वतन्त्र छैन अझै नयाँ नेपाली कविता -सुबेश यादव,Nepali Poems/Kabita,/2019/06/blog-post_11.html,blog-post_11,ma-svatantra-chaina-ajhai-nayan-nepali-kavita-subesha,True,2019-06-11
Aim Nepali Poem - Nepalikabita,Nepali Poems/Kabita,/2019/06/aim-nepali-poem-nepalikabita.html,aim-nepali-poem-nepalikabita,aim-nepali-poem-nepalikabita,False,2019-06-02
Essay On Education System Of Nepal,Nepali Essay/Nibandha,/2018/09/essay-on-present-education-system-of-nepal.html,essay-on-present-education-system-of-nepa,essay-on-education-system-of-nepal,False,2018-09-03
Nepali essay on discipline,Nepali Essay/Nibandha,/2018/06/nepali-essay-on-discipline.html,nepali-essay-on-discipline,nepali-essay-on-discipline,False,2018-06-10
NEB Class 11 English Notes(Complete) Textual Question and Answer with PDF Lesson Wise,Class 11,/2021/09/neb-class-11-english-notescomplete.html,neb-class-11-english-notescomplete,neb-class-11-english-notes-complete-textual-question-and,False,2021-09-17
Sanduk Ruit Question Answers Class 10 Nepali Notes,Class 10,/2021/09/class-10-see-nepali-guide-book-note.html,class-10-see-nepali-guide-book-note,sanduk-ruit-question-answers-class-10-nepali-notes,False,2021-09-10
मेरो जीवनको लक्ष्य निबन्ध,Nepali Essay/Nibandha,/2018/03/blog-post_45.html,blog-post_45,mero-jivanako-lakshya-nibandha,True,2018-03-17
How to earn money from blog in Nepal? Blogging in Nepal,Nepali Blog,/2020/12/how-to-earn-money-from-blog-in-nepal.html,how-to-earn-money-from-blog-in-nepa,how-to-earn-money-from-blog-in-nepal-blogging-in-nepal,False,2020-12-24
BLE 2078/2079 SOCIAL STUDIES QUESTION,BLE PRACTICE 2076,/2019/06/ble-2075-social-studies-question.html,ble-2075-social-studies-question,ble-2078-2079-social-studies-question,False,2019-06-28
मेरो बाल्यकाल निबन्ध | Essay on Childhood in Nepali,Nepali Essay/Nibandha,/2019/01/blog-post.html,blog-pos,essay-on-childhood-in-nepali,True,2019-01-03
हरियो वन नेपालको धन निबध नेपालीमा,Nepali Essay/Nibandha,/2019/01/blog-post_7.html,blog-post_7,hariyo-vana-nepalako-dhana-nibadha-nepalima,True,2019-01-07
समाज सेवा निबंध नेपालीमा (SamajSewa Nibandh),Nepali Essay/Nibandha,/2018/12/in-nepali.html,in-nepali,samaja-seva-nibamdha-nepalima-samajsewa-nibandh,False,2018-12-12
NEPALI TYPING SOFTWARE | HOW TO TYPE NEPALI EASILY IN COMPUTER,FIX,/2019/05/nepali-typing-software-how-to-type.html,nepali-typing-software-how-to-type,how-to-type-nepali-easily-in-computer,False,2019-05-18
Nepali Essay,Nepali Essay/Nibandha,/2018/12/nepali-essay_8.html,nepali-essay_8,nepali-essay,False,2018-12-08
My Country My Pride Essay in Nepali,Nepali Essay/Nibandha,/2019/06/my-country-my-pride-essay-in-nepali.html,my-country-my-pride-essay-in-nepali,my-country-my-pride-essay-in-nepali,False,2019-06-05
शिक्षाको महत्व निबन्ध नेपालीमा | Education Importance Essay in Nepali,Nepali Essay/Nibandha,/2019/01/education-importance-essay-in-nepali.html,education-importance-essay-in-nepali,education-importance-essay-in-nepali,False,2019-01-01
नेपाली कविता -मेरो गाउँ कविता,Nepali Poems/Kabita,/2018/12/blog-post_21.html,blog-post_21,nepali-kavita-mero-gaun-kavita,True,2018-12-21
BLE 2078/2079 SCIENCE QUESTION CLASS 8,BLE PRACTICE 2076,/2019/06/ble-2075-science-question-class-8.html,ble-2075-science-question-class-8,ble-2078-2079-science-question-class-8,False,2019-06-26
Navodaya Shishu Sadan Hetauda | नवोदय शिशु सदन हेटौँडा,Nepaliblog,/2019/01/navodaya-shishu-sadan-hetauda.html,navodaya-shishu-sadan-hetauda,navodaya-shishu-sadan-hetauda,False,2019-01-12
BLE 2078/2079 PRACTICE QUESTIONS OF ALL SUBJECTS,BLE PRACTICE 2076,/2019/06/ble-2076-practice-questions.html,ble-2076-practice-questions,ble-2078-2079-practice-questions-of-all-subjects,False,2019-06-26
BLE class 8 question 2078/2079 | Class 8 Science Exam Questions,BLE PRACTICE 2076,/2019/02/dle-class-8-question-2074-class-8.html,dle-class-8-question-2074-class-8,ble-class-8-question-2078-2079,False,2019-02-22
Class 10th Math Practice Questions Mensuration SEE Math Questions,Class 10,/2020/12/class-10th-math-practice-questions.html,class-10th-math-practice-questions,class-10th-math-practice-questions-mensuration-see-math,False,2020-12-05
स्वतन्त्रता निबन्ध,Nepali Essay/Nibandha,/2018/12/blog-post_7.html,blog-post_7,svatantrata-nibandha,True,2018-12-07
दशैंको बारेमा कबिता |  Dashain Poem In Nepali,Nepali Poems/Kabita,/2018/05/dashain-poem-in-nepali.html,dashain-poem-in-nepali,dashain-poem-in-nepali,False,2018-05-25
Great Poets of Nepal | Award for Nepali Literature | Madan Puraskar Winners,Nepali Essay/Nibandha,/2019/07/great-poets-of-nepal-award-for-nepali.html,great-poets-of-nepal-award-for-nepali,award-for-nepali-literature,False,2019-07-11
9TH CLASS QUESTION PAPER 2019 AND 2021,CLASS 9,/2019/07/9th-class-question-paper-2018-and-2019.html,9th-class-question-paper-2018-and-2019,9th-class-question-paper-2019-and-2021,False,2019-07-13
How to write a letter in Nepali चिठी लेख्ने तरिका,BLE PRACTICE 2076,/2019/07/how-to-write-a-letter-in-nepali.html,how-to-write-a-letter-in-nepali,how-to-write-a-letter-in-nepali-chithi-lekhne-tarika,False,2019-07-05
Nepalma Samajik Samasya: Nibandha (सामाजिक समस्या निबन्ध),Nepali Essay/Nibandha,/2018/03/blog-post_17.html,blog-post_17,nepalma-samajik-samasya-nibandha-samajika-samasya-nibandha,True,2018-03-17
How to start blog in Nepal | Earn Money Creating websites in Nepal,Nepaliblog,/2019/01/earn-money-creating-websites-in-nepal.html,earn-money-creating-websites-in-nepa,earn-money-creating-websites-in-nepal,False,2019-01-01
Class 11 Nepali Lesson 1 Bir Purkha Kabita Question and Answer Nepali Notes,Class 11,/2021/09/class-11-nepali-bir-purkha-kawita.html,class-11-nepali-bir-purkha-kawita,class-11-nepali-lesson-1-bir-purkha-kabita-question-and,False,2021-09-16
Nepali Poems Collection PDF,Nepali Poems/Kabita,/2019/06/nepali-poems-collection-pdf.html,nepali-poems-collection-pdf,nepali-poems-collection-pdf,False,2019-06-23
Essay/Nibandh in Nepali about COVID-19 in Nepali Effects on Nepal,Nepali Essay/Nibandha,/2021/09/essaynepali-essay-on-covid-19-in-nepali.html,essaynepali-essay-on-covid-19-in-nepali,essay-nibandh-in-nepali-about-covid-19-in-nepali-effects-on,False,2021-09-13
Essay on Nepalese in Nepali (Hami Nepali Nibandha),Nepali Essay/Nibandha,/2019/06/essay-on-nepalese-in-nepali-hami-nepali.html,essay-on-nepalese-in-nepali-hami-nepali,essay-on-nepalese-in-nepali-hami-nepali-nibandha,False,2019-06-05
पर्वतारोहण निबन्ध नेपालीमा,Nepali Essay/Nibandha,/2019/01/blog-post_18.html,blog-post_18,parvatarohana-nibandha-nepalima,True,2019-01-18
Poem in Nepali (तिम्ले गर्नै पर्छ) New Chhanda kabita Poem in Nepali,Nepali Poems/Kabita,/2021/09/poem-in-nepali-new-chhanda-kawita-poem.html,poem-in-nepali-new-chhanda-kawita-poe,poem-in-nepali-timle-garnai-parcha-new-chhanda-kabita-poem,False,2021-09-17
Poems in Nepali New Nepali Poem,Nepali Poems/Kabita,/2019/04/poems-in-nepali-new-nepali-poem.html,poems-in-nepali-new-nepali-poe,poems-in-nepali-new-nepali-poem,False,2019-04-25
समयको महत्त्व निबन्ध नेपालीमा | Essay on Time in Nepali,Nepali Essay/Nibandha,/2019/01/essay-on-time-in-nepali.html,essay-on-time-in-nepali,essay-on-time-in-nepali,False,2019-01-03
SEE Practice Questions of OPT Math 2078/2079,BLE PRACTICE 2076,/2020/12/SEE-OPT-Practice-Question.html,SEE-OPT-Practice-Question,see-practice-questions-of-opt-math-2078-2079,False,2020-12-24
समाज सेवा निबंध नेपालीमा (SamajSewa Nibandh),Nepali Essay/Nibandha,/2019/06/samajsewa-nibandh.html,samajsewa-niband,samaja-seva-nibamdha-nepalima-samajsewa-nibandh-2,False,2019-06-08
Green Forest is the Wealth of Nepal essay in Nepali Hariyo Wan Nepal Ko Dhan,Nepali Essay/Nibandha,/2019/06/green-forest-is-wealth-of-nepal-essay.html,green-forest-is-wealth-of-nepal-essay,green-forest-is-the-wealth-of-nepal-essay-in-nepali-hariyo,False,2019-06-05
"नेपाली भाषामा निबन्ध, Essay on Nepali Language in Nepali",Nepali Essay/Nibandha,/2019/04/essay-on-nepali-language-in-nepali.html,essay-on-nepali-language-in-nepali,nepali-bhashama-nibandha-essay-on-nepali-language-in-nepali,False,2019-04-08
Nepali Poems नेपाली कविताको सङ्ग्रह,Nepali Poems/Kabita,/2019/05/nepali-poems.html,nepali-poems,nepali-poems-nepali-kavitako-sangraha,False,2019-05-04
विज्ञान वरदान कि अभिशाप वादविवाद नेपालीमा | Essay On Science Boon Or Curse,Nepali Essay/Nibandha,/2018/09/essay-on-science-boon-or-curse-in-nepali.html,essay-on-science-boon-or-curse-in-nepali,essay-on-science-boon-or-curse,False,2018-09-04
Dashain Poem In Nepali | दशैंको  कविता,Nepali Poems/Kabita,/2018/05/dashain-poem-in-nepal.html,dashain-poem-in-nepa,dashain-poem-in-nepali-2,False,2018-05-25
Poems in Nepali - Nepali Poems,Nepali Poems/Kabita,/2019/06/poems-in-nepali-nepali-poems.html,poems-in-nepali-nepali-poems,poems-in-nepali-nepali-poems,False,2019-06-29
नेपालीको बारेमा  निबन्ध,Nepali Story/Katha,/2018/06/blog-post_96.html,blog-post_96,nepaliko-barema-nibandha,True,2018-06-09
15 BEST NEPALI POEMS IN NEPALI,Nepali Poems/Kabita,/2019/06/nepali-poems-15-best-nepali-poems.html,nepali-poems-15-best-nepali-poems,15-best-nepali-poems-in-nepali,False,2019-06-29
SEE/Class10 Math Practice Question With Answers 2077/2078,Class 10,/2020/12/SEE-Math-Practice-Questions.html,SEE-Math-Practice-Questions,see-class10-math-practice-question-with-answers-2077-2078,False,2020-12-24
Essay on Pashupati Nath Temple in Nepali,Nepali Essay/Nibandha,/2019/03/essay-on-pashupati-nath-temple-in-nepali.html,essay-on-pashupati-nath-temple-in-nepali,essay-on-pashupati-nath-temple-in-nepali,False,2019-03-16
Download Nepali Essay Book निबन्धको किताब,BLE PRACTICE 2076,/2018/06/download-nepali-essay-book.html,download-nepali-essay-book,download-nepali-essay-book-nibandhako-kitaba,False,2018-06-09
Essay on Lumbini Nepal  लुम्बिनी निबन्ध,Nepali Essay/Nibandha,/2019/06/essay-on-lumbini-nepal.html,essay-on-lumbini-nepa,essay-on-lumbini-nepal-lumbini-nibandha,False,2019-06-18
पशुपतिनाथ मन्दिरको बारेमा निबन्ध,Nepali Essay/Nibandha,/2018/06/blog-post_45.html,blog-post_45,pashupatinatha-mandirako-barema-nibandha,True,2018-06-09
नेपाली संस्कृतिमा निबन्ध Essay on Nepalese Culture in Nepali,Nepali Essay/Nibandha,/2019/03/essay-on-nepalese-culture-in-nepali_20.html,essay-on-nepalese-culture-in-nepali_20,nepali-samskrritima-nibandha-essay-on-nepalese-culture-in,False,2019-03-28
लैंगिक समानतामा निबन्ध Gender Equality essay in Nepali,Nepali Essay/Nibandha,/2019/07/gender-equality-essay-in-nepali.html,gender-equality-essay-in-nepali,laimgika-samanatama-nibandha-gender-equality-essay-in,False,2019-07-13
वीर गोर्खाली निबन्ध Essay on Bir Gorkhalis,Nepali Essay/Nibandha,/2019/03/essay-on-gorkhalis.html,essay-on-gorkhalis,vira-gorkhali-nibandha-essay-on-bir-gorkhalis,False,2019-03-02
नारी शिक्षाको महत्व Women Education Essay in Nepali,Nepaliblog,/2019/05/women-education-essay-in-nepali.html,women-education-essay-in-nepali,nari-shikshako-mahatva-women-education-essay-in-nepali,False,2019-05-16
Essay on Dashain in Nepali Language (दशैं निबन्ध ),Nepali Essay/Nibandha,/2021/09/nepali-essay-on-dashain-importance-of.html,nepali-essay-on-dashain-importance-of,essay-on-dashain-in-nepali-language-dashaim-nibandha,False,2021-09-10
विज्ञानको बारेमा निबन्ध,Nepali Essay/Nibandha,/2018/03/blog-post_18.html,blog-post_18,vijnanako-barema-nibandha,True,2018-03-18
BLE Nepali Byakaran Practice Book Nepali Byakaran Questions Bank,BLE PRACTICE 2076,/2019/02/ble-nepali-byakaran-practice-book.html,ble-nepali-byakaran-practice-book,ble-nepali-byakaran-practice-book-nepali-byakaran-questions,False,2019-02-26
भानुभक्त आचार्यको योगदानहरु,nepalijiwani,/2018/06/blog-post_84.html,blog-post_84,bhanubhakta-acharyako-yogadanaharu,True,2018-06-09
EASY NEPALI TYPING NOT WORKING FIXED,FIX,/2019/01/easy-nepali-typing-software-not-working-fixed.html,easy-nepali-typing-software-not-working-fixed,easy-nepali-typing-not-working-fixed,False,2019-01-10
नागरिकको कर्तव्यमा निबन्ध नेपाली Essay on Citizen Duty in Nepali,Nepali Essay/Nibandha,/2019/05/essay-on-citizen-duty-in-nepali.html,essay-on-citizen-duty-in-nepali,nagarikako-kartavyama-nibandha-nepali-essay-on-citizen-duty,False,2019-05-24
Qbasic program for class 7,class 7,/2019/01/qbasic-program-for-class-7.html,qbasic-program-for-class-7,qbasic-program-for-class-7,False,2019-01-19
Story In Nepali Motivating Story In Nepali नेपाली कथा,Nepali Story/Katha,/2018/12/story-in-nepali-motivating-story-in.html,story-in-nepali-motivating-story-in,story-in-nepali-motivating-story-in-nepali-nepali-katha,False,2018-12-15
Little Child  Poem In Nepali,Nepali Story/Katha,/2018/05/little-child-poem-in-nepali.html,little-child-poem-in-nepali,little-child-poem-in-nepali,False,2018-05-25
संवाद लेख्ने तरिका,nepalikitab,/2018/06/blog-post_7.html,blog-post_7,samvada-lekhne-tarika,True,2018-06-09
Nepali Essay In Nepali Language,Nepali Essay/Nibandha,/2019/01/nepali-essay-in-nepali-language.html,nepali-essay-in-nepali-language,nepali-essay-in-nepali-language,False,2019-01-02
SEE Practice Questions 2077/2078 All Subjects,Class 10,/2020/12/see-practice-questions-2077-all-subjects.html,see-practice-questions-2077-all-subjects,see-practice-questions-2077-2078-all-subjects,False,2020-12-17
SEE English Practice Questions 2077,Class 10,/2020/12/see-english-practice-questions-2077.html,see-english-practice-questions-2077,see-english-practice-questions-2077,False,2020-12-17
"500+ New Best Nepali Shayari Love, Sad, Romantic Status Nepali Shayari",Nepali Shayari,/2020/12/500-new-best-nepali-shayari-love-sad.html,500-new-best-nepali-shayari-love-sad,500-new-best-nepali-shayari-love-sad-romantic-status-nepali,False,2020-12-28
पत्रपत्रिकाको महत्त्व निबन्ध नेपालीमा |Newspaper importance essay in Nepali,Nepali Essay/Nibandha,/2019/01/newspaper-importance-essay-in-nepali.html,newspaper-importance-essay-in-nepali,newspaper-importance-essay-in-nepali,False,2019-01-11
मेरो देश नेपाल निबन्ध नेपालीमा Essay on Nepal & it's Natural Beauty,Nepali Essay/Nibandha,/2019/05/essay-on-nepal-natural-beauty.html,essay-on-nepal-natural-beauty,mero-desha-nepala-nibandha-nepalima-essay-on-nepal-it-s,False,2019-05-21
Essay on Freedom in Nepali (Swatantrata Ma Nibandha),Nepali Essay/Nibandha,/2019/06/essay-on-freedom-in-nepali-swatantrata.html,essay-on-freedom-in-nepali-swatantrata,essay-on-freedom-in-nepali-swatantrata-ma-nibandha,False,2019-06-05
विद्यार्थी जीवन निबन्ध नेपालीमा |  Essay on Student Life,Nepali Essay/Nibandha,/2019/01/blog-post_79.html,blog-post_79,essay-on-student-life,True,2019-01-07
NEW MODEL QUESTION OF  SEE 2075. LEAKED MODEL QUESTIONS FOR SEE 2075.,Class 10,/2019/03/new-model-question-of-see-2075-leaked.html,new-model-question-of-see-2075-leaked,new-model-question-of-see-2075-leaked-model-questions-for,False,2019-03-21
Class 10 (SEE) Nepali Lesson 2 Notes Class 10 Nepali Questions Answers,Class 10,/2021/09/class-10-see-nepali-guide-notes-of.html,class-10-see-nepali-guide-notes-of,class-10-see-nepali-lesson-2-notes-class-10-nepali,False,2021-09-10
Download Nepali Byakaran Practice Question above 1000,Class 10,/2019/03/download-nepali-byakaran-practice.html,download-nepali-byakaran-practice,download-nepali-byakaran-practice-question-above-1000,False,2019-03-09
Class 10 English Notes Questions And Answers 2077,Class 10,/2020/12/class-10-english-notes-questions-and.html,class-10-english-notes-questions-and,class-10-english-notes-questions-and-answers-2077,False,2020-12-16
देशभक्तिमा निबन्ध नेपालीमा Essay on Patriotism in Nepali,Nepali Essay/Nibandha,/2019/05/essay-on-patriotism-in-nepali.html,essay-on-patriotism-in-nepali,deshabhaktima-nibandha-nepalima-essay-on-patriotism-in,False,2019-05-23
बिद्यार्थी कविता नेपालीमा,Nepali Story/Katha,/2018/06/blog-post_9.html,blog-post_9,bidyarthi-kavita-nepalima,True,2018-06-09
SEE Model questions 2077 issued by CDC SEE Practice Questions,Class 10,/2019/03/see-model-questions-2075-issued-by-cdc.html,see-model-questions-2075-issued-by-cdc,see-model-questions-2077-issued-by-cdc-see-practice,False,2019-03-17
Essay on Dashain in Nepali Language दशैंको बारेमा निबन्ध,Nepali Poems/Kabita,/2021/03/essay-on-dashain-in-nepali.html,essay-on-dashain-in-nepali,essay-on-dashain-in-nepali-language-dashaimko-barema,False,2021-03-23
वातावरण निबन्ध - वातावरण प्रदुषण Environment essay In Nepali,Nepali Essay/Nibandha,/2018/05/environment-essay-in-nepali.html,environment-essay-in-nepali,vatavarana-nibandha-vatavarana-pradushana-environment-essay,False,2018-05-09
Essay on Social Services in Nepali ( SamajSewi Ma Nibandh),Nepali Essay/Nibandha,/2019/06/essay-on-social-services-in-nepali.html,essay-on-social-services-in-nepali,essay-on-social-services-in-nepali-samajsewi-ma-nibandh,False,2019-06-05
वेभसाइट कसरी बनाउने र पैसा कमाउने,Nepali Blog,/2018/12/blog-post_31.html,blog-post_31,vebhasaita-kasari-banaune-ra-paisa-kamaune,True,2018-12-31
अनुशासनको महत्त्व निबन्ध नेपालीमा,Nepali Essay/Nibandha,/2019/01/blog-post_5.html,blog-post_5,anushasanako-mahattva-nibandha-nepalima,True,2019-01-05
देश विकासमा विद्यार्थीको भूमिका निबन्ध,Nepali Essay/Nibandha,/2018/12/blog-post.html,blog-pos,desha-vikasama-vidyarthiko-bhumika-nibandha,True,2018-12-07
SEE/Class 10 Science Practice Questions 2077/2078,BLE PRACTICE 2076,/2020/12/SEE-Science-Practice-Question.html,SEE-Science-Practice-Question,see-class-10-science-practice-questions-2077-2078,False,2020-12-24
विलियम शेक्सपियरको जीवनी,Nepali Story/Katha,/2018/06/blog-post_62.html,blog-post_62,viliyama-sheksapiyarako-jivani,True,2018-06-09
SEE Science Notes 2077/2078 Class 10 Science Notes,Class 10,/2021/03/see-science-notes-2077-class-10-science.html,see-science-notes-2077-class-10-science,see-science-notes-2077-2078-class-10-science-notes,False,2021-03-24
नया वर्ष २०७५ कविता |  New Year 2019 Poems,Nepali Poems/Kabita,/2018/12/new-year-2019-poems.html,new-year-2019-poems,new-year-2019-poems,False,2018-12-08
Essay on Mother(Aama) in Nepali (आमा निबन्ध),Nepali Essay/Nibandha,/2021/09/essay-on-motheraama-in-nepali.html,essay-on-motheraama-in-nepali,essay-on-mother-aama-in-nepali-ama-nibandha,False,2021-09-10
सदा जीवन उच्च विचार  निबंध नेपालीमा,Nepali Essay/Nibandha,/2018/05/blog-post_10.html,blog-post_10,sada-jivana-uchcha-vichara-nibamdha-nepalima,True,2018-05-10
Digital Marketing Nepal Grow Your Online Business Iconic,,/2025/05/digital-marketing-nepal-grow-your.html,digital-marketing-nepal-grow-your,digital-marketing-nepal-grow-your-online-business-iconic,False,2025-05-15
मेरो लक्ष्य कविता,Nepali Poems/Kabita,/2019/06/blog-post_24.html,blog-post_24,mero-lakshya-kavita,True,2019-06-24
Thanka Complete Note SEE Nepali Question & Answers Class 10 Notes,Class 10,/2021/09/class-10-see-nepali-thanka-guide-book.html,class-10-see-nepali-thanka-guide-book,thanka-complete-note-see-nepali-question-answers-class-10,False,2021-09-10
CLASS 9 MATH QUESTIONS 2077/2078 PRACTICE QUESTIONS,CLASS 9,/2019/07/class-9-math-questions-2075-practice.html,class-9-math-questions-2075-practice,class-9-math-questions-2077-2078-practice-questions,False,2019-07-13
Essay on Aim in life in Nepali,Nepali Essay/Nibandha,/2019/01/essay-on-aim-in-life-in-nepali.html,essay-on-aim-in-life-in-nepali,essay-on-aim-in-life-in-nepali,False,2019-01-01
New Nepali Gajal,Gajal,/2019/06/new-nepali-gazal.html,new-nepali-gaza,new-nepali-gajal,False,2019-06-24
AAMA KO MAYA KABITA (AAMA NEPALI KAWITA),Nepali Poems/Kabita,/2019/06/aama-ko-maya-kabita-aama-nepali-kawita.html,aama-ko-maya-kabita-aama-nepali-kawita,aama-ko-maya-kabita-aama-nepali-kawita,False,2019-06-14
तिहारको बारेमा निबन्ध नेपालीमा | Essay on Tihar in Nepali,Nepali Essay/Nibandha,/2019/01/essay-on-tihar-in-nepali.html,essay-on-tihar-in-nepali,essay-on-tihar-in-nepali,False,2019-01-02
समसामयिक सामान्य ज्ञान 2019 -2075,Nepaliblog,/2019/01/2019-2075.html,2019-2075,samasamayika-samanya-jnana-2019-2075,False,2019-01-10
नयाँ नेपाली कविता,Nepali Poems/Kabita,/2019/01/blog-post_6.html,blog-post_6,nayan-nepali-kavita,True,2019-01-06
WISDOM IS GREATER THAN STRENGTH DEBATE IN NEPALI,Nepali Essay/Nibandha,/2019/06/wisdom-is-greater-than-strength-debate.html,wisdom-is-greater-than-strength-debate,wisdom-is-greater-than-strength-debate-in-nepali,False,2019-06-05
Nepali Sahitya,Nepali Blog,/2019/01/nepali-sahitya.html,nepali-sahitya,nepali-sahitya,False,2019-01-06
देश विकास निर्माणमा युवाको भूमिका निबन्ध नेपालीमा,Nepali Essay/Nibandha,/2019/06/blog-post.html,blog-pos,desha-vikasa-nirmanama-yuvako-bhumika-nibandha-nepalima,True,2019-06-10
देश विकासमा युवाको भूमिका Youth Role in Country Development Essay Nepali,BLE PRACTICE 2076,/2019/06/youth-role-in-country-development.html,youth-role-in-country-developmen,desha-vikasama-yuvako-bhumika-youth-role-in-country,False,2019-06-10
पुस्तकालयको महत्व निबन्ध,Nepali Essay/Nibandha,/2018/03/blog-post_40.html,blog-post_40,pustakalayako-mahatva-nibandha,True,2018-03-17
वनस्खन्डि माताको अस्तित्व जोखिममा - Hetauda Banaskhandi Temple,Nepali Essay/Nibandha,/2018/11/blog-post.html,blog-pos,vanaskhandi-matako-astitva-jokhimama-hetauda-banaskhandi,True,2018-11-17
Student Poem In Nepali,Nepali Poems/Kabita,/2018/03/student-poem-in-nepali.html,student-poem-in-nepali,student-poem-in-nepali,False,2018-03-17
Nepali Book Review Sample  | पुस्तक समिक्षा,Book Review,/2018/03/nepali-book-review.html,nepali-book-review,nepali-book-review-sample,False,2018-03-17
पृथ्वीनारायण शाह जीवनी More About Prithivi  Narayan Shah,nepalijiwani,/2019/05/blog-post.html,blog-pos,prrithvinarayana-shaha-jivani-more-about-prithivi-narayan,True,2019-05-27
SEE RESULT 2077 WITH MARKSHEET AND GPA,Class 10,/2019/06/see-result-2075-with-marksheet-and-gpa.html,see-result-2075-with-marksheet-and-gpa,see-result-2077-with-marksheet-and-gpa,False,2019-06-14
NEB Class 11 Nepali Book PDF ( Class 11 Nepali Notes) 2078,Class 11,/2021/09/neb-class-11-nepali-book-pdf-class-11.html,neb-class-11-nepali-book-pdf-class-11,neb-class-11-nepali-book-pdf-class-11-nepali-notes-2078,False,2021-09-17
Students Role in Country Development Essay in Nepali,Nepali Essay/Nibandha,/2019/06/students-role-in-country-development.html,students-role-in-country-developmen,students-role-in-country-development-essay-in-nepali,False,2019-06-05
BLE 2078/2079 HEALTH QUESTION,BLE PRACTICE 2076,/2019/06/ble-2075-health-question.html,ble-2075-health-question,ble-2078-2079-health-question,False,2019-06-27
